accuracy,alignment_gap,alignment_negative_cosine,alignment_positive_cosine,best_val_macro_f1,experiment,macro_f1,q1_f1,q1_precision,q1_recall,q1_support,q2_f1,q2_precision,q2_recall,q2_support,q3_f1,q3_precision,q3_recall,q3_support,q4_f1,q4_precision,q4_recall,q4_support,retrieval_a2l_median_rank,retrieval_a2l_r1,retrieval_a2l_r10,retrieval_a2l_r5,retrieval_l2a_median_rank,retrieval_l2a_r1,retrieval_l2a_r10,retrieval_l2a_r5,run_id,seed,split,stage,test_evaluated,wall_seconds,weighted_f1,lambda_align,temperature,lambda_uni,gradient_strategy,affect_aware,cspa
0.8102409638554217,0.16172321140766144,0.01602594368159771,0.1777491569519043,0.8023344602291971,affect_only,0.8023344602291971,0.8187134502923976,0.7692307692307693,0.875,80,0.898989898989899,0.89,0.9081632653061225,98,0.7619047619047619,0.8,0.7272727272727273,77,0.7297297297297297,0.7605633802816901,0.7012987012987013,77,49.0,0.01807228848338127,0.14156626164913177,0.0632530152797699,55.0,0.0150602413341403,0.1325301229953766,0.0602409653365612,ablation_affect_only_seed42,42,validation,ablation,False,50.24953556060791,0.8085962107839089,0.2,0.07,0.4575708941376109,scalarization,True,False
0.7951807228915663,0.2503741681575775,-0.002388930879533291,0.24798524379730225,0.78356119108842,cspa_affect,0.78356119108842,0.7866666666666666,0.8428571428571429,0.7375,80,0.909952606635071,0.8495575221238938,0.9795918367346939,98,0.7034482758620689,0.75,0.6623376623376623,77,0.7341772151898734,0.7160493827160493,0.7532467532467533,77,41.0,0.024096384644508362,0.1867469847202301,0.09638553857803345,45.0,0.027108434587717056,0.17469879984855652,0.09337349236011505,ablation_cspa_affect_seed42,42,validation,ablation,False,129.27279543876648,0.7915838903450899,0.2,0.07,0.4575708941376109,scalarization,True,True
0.8012048192771084,0.20354261994361877,0.017715925350785255,0.22125855088233948,0.7894172765330939,cspa_only,0.7894172765330939,0.8421052631578947,0.7912087912087912,0.9,80,0.9045226130653267,0.8910891089108911,0.9183673469387755,98,0.6814814814814815,0.7931034482758621,0.5974025974025974,77,0.7295597484276729,0.7073170731707317,0.7532467532467533,77,39.0,0.01807228848338127,0.1807228922843933,0.07831325381994247,38.0,0.0301204826682806,0.15662650763988495,0.09036144614219666,ablation_cspa_only_seed42,42,validation,ablation,False,90.45875835418701,0.7971741320362605,0.2,0.07,0.4575708941376109,scalarization,False,True
0.8132530120481928,0.19923433661460876,0.01598151959478855,0.21521586179733276,0.8044414324076277,multimodal_fixed,0.8044414324076277,0.8387096774193549,0.8666666666666667,0.8125,80,0.9038461538461539,0.8545454545454545,0.9591836734693877,98,0.7397260273972602,0.782608695652174,0.7012987012987013,77,0.7354838709677419,0.7307692307692307,0.7402597402597403,77,39.0,0.027108434587717056,0.1897590309381485,0.09036144614219666,45.0,0.01807228848338127,0.1807228922843933,0.11144578456878662,ablation_multimodal_fixed_seed42,42,validation,ablation,False,70.65485954284668,0.8110387332667971,0.2,0.07,0.4575708941376109,scalarization,False,False
0.7018072289156626,,,,0.6875284932986031,audio_only,0.6875284932986031,0.7361963190184049,0.7228915662650602,0.75,80,0.8431372549019608,0.8113207547169812,0.8775510204081632,98,0.5655172413793104,0.6029411764705882,0.5324675324675324,77,0.6052631578947368,0.6133333333333333,0.5974025974025974,77,,,,,,,,,baseline_audio_only_seed42,42,validation,baseline,False,33.79690098762512,0.697810985680621,0.1,0.07,0.4575708941376109,scalarization,False,False
0.7349397590361446,,,,0.7183525357695973,lyrics_only,0.7183525357695973,0.6909090909090909,0.6705882352941176,0.7125,80,0.8909952606635071,0.831858407079646,0.9591836734693877,98,0.6428571428571429,0.7142857142857143,0.5844155844155844,77,0.6486486486486487,0.676056338028169,0.6233766233766234,77,,,,,,,,,baseline_lyrics_only_seed42,42,validation,baseline,False,33.05870699882507,0.7290247251918582,0.1,0.07,0.4575708941376109,scalarization,False,False
0.8072289156626506,0.20640745759010315,0.004312567878514528,0.210720032453537,0.7980208713642449,multimodal_fixed,0.7980208713642449,0.85,0.85,0.85,80,0.9191919191919192,0.91,0.9285714285714286,98,0.7,0.7777777777777778,0.6363636363636364,77,0.7228915662650602,0.6741573033707865,0.7792207792207793,77,40.0,0.027108434587717056,0.17168675363063812,0.08433734625577927,46.0,0.03313253074884415,0.16566264629364014,0.09638553857803345,baseline_multimodal_fixed_seed42,42,validation,baseline,False,82.9222342967987,0.8061549960337883,0.1,0.07,0.4575708941376109,scalarization,False,False
0.7951807228915663,0.07127796113491058,-0.039971426129341125,0.03130653500556946,0.7841596730737003,multimodal_noalign,0.7841596730737003,0.8333333333333334,0.8552631578947368,0.8125,80,0.9117647058823529,0.8773584905660378,0.9489795918367347,98,0.6814814814814815,0.7931034482758621,0.5974025974025974,77,0.7100591715976331,0.6521739130434783,0.7792207792207793,77,82.0,0.012048192322254181,0.07228915393352509,0.03313253074884415,87.0,0.009036144241690636,0.06927710771560669,0.03614457696676254,baseline_multimodal_noalign_seed42,42,validation,baseline,False,52.22745752334595,0.7926754160549068,0.1,0.07,0.4575708941376109,scalarization,False,False
0.8283132530120482,0.16297830641269684,0.027510523796081543,0.19048883020877838,0.8201319878951457,affect_only,0.8201319878951457,0.8421052631578947,0.7912087912087912,0.9,80,0.9191919191919192,0.91,0.9285714285714286,98,0.75,0.76,0.7402597402597403,77,0.7692307692307693,0.8333333333333334,0.7142857142857143,77,49.0,0.009036144241690636,0.17168675363063812,0.09036144614219666,45.0,0.012048192322254181,0.1295180767774582,0.0662650614976883,final_affect_only_seed123,123,validation,final_seed,False,57.63288331031799,0.826596380615087,0.2,0.07,0.4575708941376109,scalarization,True,False
0.7951807228915663,0.18872152268886566,0.02436327561736107,0.21308480203151703,0.7871352753852929,affect_only,0.7871352753852929,0.8258064516129032,0.8533333333333334,0.8,80,0.9137055837563451,0.9090909090909091,0.9183673469387755,98,0.6938775510204082,0.7285714285714285,0.6623376623376623,77,0.7151515151515152,0.6704545454545454,0.7662337662337663,77,45.0,0.0150602413341403,0.15963855385780334,0.07228915393352509,44.0,0.024096384644508362,0.15361446142196655,0.09638553857803345,final_affect_only_seed2026,2026,validation,final_seed,False,60.02128863334656,0.7954906669650367,0.2,0.07,0.4575708941376109,scalarization,True,False
0.8072289156626506,0.21954694390296936,-3.4480501199141145e-05,0.2195124626159668,0.7967283857495614,affect_only,0.7967283857495614,0.813953488372093,0.7608695652173914,0.875,80,0.9108910891089109,0.8846153846153846,0.9387755102040817,98,0.7448275862068966,0.7941176470588235,0.7012987012987013,77,0.7172413793103448,0.7647058823529411,0.6753246753246753,77,46.0,0.009036144241690636,0.11746987700462341,0.06927710771560669,48.0,0.0150602413341403,0.1325301229953766,0.07228915393352509,final_affect_only_seed3407,3407,validation,final_seed,False,75.29803657531738,0.804105169118278,0.2,0.07,0.4575708941376109,scalarization,True,False
0.8102409638554217,0.16172321140766144,0.01602594368159771,0.1777491569519043,0.8023344602291971,affect_only,0.8023344602291971,0.8187134502923976,0.7692307692307693,0.875,80,0.898989898989899,0.89,0.9081632653061225,98,0.7619047619047619,0.8,0.7272727272727273,77,0.7297297297297297,0.7605633802816901,0.7012987012987013,77,49.0,0.01807228848338127,0.14156626164913177,0.0632530152797699,55.0,0.0150602413341403,0.1325301229953766,0.0602409653365612,final_affect_only_seed42,42,validation,final_seed,False,54.2977569103241,0.8085962107839089,0.2,0.07,0.4575708941376109,scalarization,True,False
0.8012048192771084,0.16711542010307312,0.034084342420101166,0.20119976997375488,0.7931605682433055,affect_only,0.7931605682433055,0.8070175438596491,0.7582417582417582,0.8625,80,0.9025641025641026,0.9072164948453608,0.8979591836734694,98,0.7320261437908496,0.7368421052631579,0.7272727272727273,77,0.7310344827586207,0.7794117647058824,0.6883116883116883,77,51.0,0.009036144241690636,0.1234939768910408,0.06927710771560669,58.0,0.01807228848338127,0.1295180767774582,0.0662650614976883,final_affect_only_seed777,777,validation,final_seed,False,56.134276151657104,0.8002058849529011,0.2,0.07,0.4575708941376109,scalarization,True,False
0.6746987951807228,,,,0.6663911966301672,audio_only,0.6663911966301672,0.6928104575163399,0.726027397260274,0.6625,80,0.84375,0.8617021276595744,0.826530612244898,98,0.5714285714285714,0.5714285714285714,0.5714285714285714,77,0.5575757575757576,0.5227272727272727,0.5974025974025974,77,,,,,,,,,final_audio_only_seed123,123,validation,final_seed,False,32.238038063049316,0.677848403417592,0.2,0.07,0.4575708941376109,scalarization,False,False
0.6716867469879518,,,,0.6513086888567103,audio_only,0.6513086888567103,0.7444444444444445,0.67,0.8375,80,0.8512820512820513,0.8556701030927835,0.8469387755102041,98,0.5131578947368421,0.52,0.5064935064935064,77,0.49635036496350365,0.5666666666666667,0.44155844155844154,77,,,,,,,,,final_audio_only_seed2026,2026,validation,final_seed,False,31.96150541305542,0.6647991945124192,0.2,0.07,0.4575708941376109,scalarization,False,False
0.6927710843373494,,,,0.6756754377540894,audio_only,0.6756754377540894,0.7303370786516854,0.6632653061224489,0.8125,80,0.8512820512820513,0.8556701030927835,0.8469387755102041,98,0.5185185185185185,0.603448275862069,0.45454545454545453,77,0.6025641025641025,0.5949367088607594,0.6103896103896104,77,,,,,,,,,final_audio_only_seed3407,3407,validation,final_seed,False,31.43797993659973,0.6872770154853545,0.2,0.07,0.4575708941376109,scalarization,False,False
0.7018072289156626,,,,0.6875284932986031,audio_only,0.6875284932986031,0.7361963190184049,0.7228915662650602,0.75,80,0.8431372549019608,0.8113207547169812,0.8775510204081632,98,0.5655172413793104,0.6029411764705882,0.5324675324675324,77,0.6052631578947368,0.6133333333333333,0.5974025974025974,77,,,,,,,,,final_audio_only_seed42,42,validation,final_seed,False,37.28596377372742,0.697810985680621,0.2,0.07,0.4575708941376109,scalarization,False,False
0.6867469879518072,,,,0.6726883609807437,audio_only,0.6726883609807437,0.6871165644171779,0.6746987951807228,0.7,80,0.8133971291866029,0.7657657657657657,0.8673469387755102,98,0.6037735849056604,0.5853658536585366,0.6233766233766234,77,0.5864661654135338,0.6964285714285714,0.5064935064935064,77,,,,,,,,,final_audio_only_seed777,777,validation,final_seed,False,28.00260901451111,0.6817189897236123,0.2,0.07,0.4575708941376109,scalarization,False,False
0.822289156626506,0.18097831308841705,0.028861751779913902,0.2098400592803955,0.8119832555753962,cspa_affect,0.8119832555753962,0.8379888268156425,0.7575757575757576,0.9375,80,0.9238578680203046,0.9191919191919192,0.9285714285714286,98,0.7448275862068966,0.7941176470588235,0.7012987012987013,77,0.7412587412587412,0.803030303030303,0.6883116883116883,77,45.0,0.027108434587717056,0.1837349385023117,0.10843373835086823,41.0,0.021084336563944817,0.15060241520404816,0.0662650614976883,final_cspa_affect_seed123,123,validation,final_seed,False,77.27024722099304,0.8192946518858293,0.2,0.07,0.4575708941376109,scalarization,True,True
0.8102409638554217,0.2395436316728592,0.0026784592773765326,0.24222208559513092,0.8005037090885023,cspa_affect,0.8005037090885023,0.8129032258064516,0.84,0.7875,80,0.9306930693069307,0.9038461538461539,0.9591836734693877,98,0.7222222222222222,0.7761194029850746,0.6753246753246753,77,0.7361963190184049,0.6976744186046512,0.7792207792207793,77,38.0,0.0150602413341403,0.15060241520404816,0.06927710771560669,47.0,0.027108434587717056,0.15963855385780334,0.09337349236011505,final_cspa_affect_seed2026,2026,validation,final_seed,False,109.55826568603516,0.8088506220847096,0.2,0.07,0.4575708941376109,scalarization,True,True
0.822289156626506,0.20563380420207977,0.027991946786642075,0.23362575471401215,0.8122256212097414,cspa_affect,0.8122256212097414,0.8192771084337349,0.7906976744186046,0.85,80,0.909952606635071,0.8495575221238938,0.9795918367346939,98,0.7647058823529411,0.8813559322033898,0.6753246753246753,77,0.7549668874172185,0.7702702702702703,0.7402597402597403,77,42.0,0.027108434587717056,0.15963855385780334,0.08132530003786087,41.0,0.0150602413341403,0.15060241520404816,0.06927710771560669,final_cspa_affect_seed3407,3407,validation,final_seed,False,90.87483668327332,0.8184708656543314,0.2,0.07,0.4575708941376109,scalarization,True,True
0.7951807228915663,0.2503741681575775,-0.002388930879533291,0.24798524379730225,0.78356119108842,cspa_affect,0.78356119108842,0.7866666666666666,0.8428571428571429,0.7375,80,0.909952606635071,0.8495575221238938,0.9795918367346939,98,0.7034482758620689,0.75,0.6623376623376623,77,0.7341772151898734,0.7160493827160493,0.7532467532467533,77,41.0,0.024096384644508362,0.1867469847202301,0.09638553857803345,45.0,0.027108434587717056,0.17469879984855652,0.09337349236011505,final_cspa_affect_seed42,42,validation,final_seed,False,118.79509139060974,0.7915838903450899,0.2,0.07,0.4575708941376109,scalarization,True,True
0.8012048192771084,0.18111692368984222,0.04647812619805336,0.22759504616260529,0.7917543771192145,cspa_affect,0.7917543771192145,0.8023255813953488,0.75,0.8625,80,0.9128205128205128,0.9175257731958762,0.9081632653061225,98,0.7468354430379747,0.7283950617283951,0.7662337662337663,77,0.7050359712230215,0.7903225806451613,0.6363636363636364,77,47.0,0.009036144241690636,0.14156626164913177,0.0632530152797699,53.0,0.0150602413341403,0.13554216921329498,0.0662650614976883,final_cspa_affect_seed777,777,validation,final_seed,False,73.71237897872925,0.7995076977895628,0.2,0.07,0.4575708941376109,scalarization,True,True
0.8162650602409639,0.16544348001480103,0.03387925773859024,0.19932273030281067,0.8059557588958506,cspa_only,0.8059557588958506,0.8402366863905325,0.797752808988764,0.8875,80,0.9246231155778895,0.9108910891089109,0.9387755102040817,98,0.7172413793103448,0.7647058823529411,0.6753246753246753,77,0.7417218543046358,0.7567567567567568,0.7272727272727273,77,39.0,0.012048192322254181,0.15963855385780334,0.10542168468236923,38.0,0.021084336563944817,0.16566264629364014,0.06927710771560669,final_cspa_only_seed123,123,validation,final_seed,False,68.24407815933228,0.8137715940549075,0.2,0.07,0.4575708941376109,scalarization,False,True
0.8162650602409639,0.17508447170257568,0.030669741332530975,0.20575420558452606,0.8019934381179772,cspa_only,0.8019934381179772,0.8520710059171598,0.8089887640449438,0.9,80,0.9359605911330049,0.9047619047619048,0.9693877551020408,98,0.7329192546583851,0.7023809523809523,0.7662337662337663,77,0.6870229007633588,0.8333333333333334,0.5844155844155844,77,39.0,0.01807228848338127,0.1807228922843933,0.07228915393352509,43.0,0.03313253074884415,0.16566264629364014,0.09939759224653244,final_cspa_only_seed2026,2026,validation,final_seed,False,78.71411085128784,0.8109197722044624,0.2,0.07,0.4575708941376109,scalarization,False,True
0.8012048192771084,0.1893412470817566,0.02300666831433773,0.21234790980815887,0.7904853105528067,cspa_only,0.7904853105528067,0.8089887640449438,0.7346938775510204,0.9,80,0.9137055837563451,0.9090909090909091,0.9183673469387755,98,0.71875,0.9019607843137255,0.5974025974025974,77,0.7204968944099379,0.6904761904761905,0.7532467532467533,77,39.0,0.01807228848338127,0.16867469251155853,0.09337349236011505,41.0,0.01807228848338127,0.17469879984855652,0.09036144614219666,final_cspa_only_seed3407,3407,validation,final_seed,False,86.78712701797485,0.7984465638592847,0.2,0.07,0.4575708941376109,scalarization,False,True
0.8012048192771084,0.20354261994361877,0.017715925350785255,0.22125855088233948,0.7894172765330939,cspa_only,0.7894172765330939,0.8421052631578947,0.7912087912087912,0.9,80,0.9045226130653267,0.8910891089108911,0.9183673469387755,98,0.6814814814814815,0.7931034482758621,0.5974025974025974,77,0.7295597484276729,0.7073170731707317,0.7532467532467533,77,39.0,0.01807228848338127,0.1807228922843933,0.07831325381994247,38.0,0.0301204826682806,0.15662650763988495,0.09036144614219666,final_cspa_only_seed42,42,validation,final_seed,False,84.22135734558105,0.7971741320362605,0.2,0.07,0.4575708941376109,scalarization,False,True
0.8012048192771084,0.21818718314170837,0.04870022088289261,0.2668873965740204,0.790442871875149,cspa_only,0.790442871875149,0.8284023668639053,0.7865168539325843,0.875,80,0.9230769230769231,0.9278350515463918,0.9183673469387755,98,0.6917293233082706,0.8214285714285714,0.5974025974025974,77,0.718562874251497,0.6666666666666666,0.7792207792207793,77,34.0,0.024096384644508362,0.1837349385023117,0.09939759224653244,35.0,0.0150602413341403,0.21385541558265686,0.11445783078670502,final_cspa_only_seed777,777,validation,final_seed,False,86.65896224975586,0.7991753825986536,0.2,0.07,0.4575708941376109,scalarization,False,True
0.7560240963855421,,,,0.7463237559608724,lyrics_only,0.7463237559608724,0.7239263803680982,0.7108433734939759,0.7375,80,0.8934010152284264,0.8888888888888888,0.8979591836734694,98,0.6871165644171779,0.6511627906976745,0.7272727272727273,77,0.6808510638297872,0.75,0.6233766233766234,77,,,,,,,,,final_lyrics_only_seed123,123,validation,final_seed,False,31.358364582061768,0.7554244496893071,0.2,0.07,0.4575708941376109,scalarization,False,False
0.7319277108433735,,,,0.7196224399463514,lyrics_only,0.7196224399463514,0.6829268292682927,0.6666666666666666,0.7,80,0.8844221105527639,0.8712871287128713,0.8979591836734694,98,0.6787878787878788,0.6363636363636364,0.7272727272727273,77,0.6323529411764706,0.7288135593220338,0.5584415584415584,77,,,,,,,,,final_lyrics_only_seed2026,2026,validation,final_seed,False,35.263617515563965,0.7297149286532807,0.2,0.07,0.4575708941376109,scalarization,False,False
0.7379518072289156,,,,0.722373606227839,lyrics_only,0.722373606227839,0.711864406779661,0.6494845360824743,0.7875,80,0.9045226130653267,0.8910891089108911,0.9183673469387755,98,0.6106870229007634,0.7407407407407407,0.5194805194805194,77,0.6624203821656051,0.65,0.6753246753246753,77,,,,,,,,,final_lyrics_only_seed3407,3407,validation,final_seed,False,36.52739667892456,0.7338001169062809,0.2,0.07,0.4575708941376109,scalarization,False,False
0.7349397590361446,,,,0.7183525357695973,lyrics_only,0.7183525357695973,0.6909090909090909,0.6705882352941176,0.7125,80,0.8909952606635071,0.831858407079646,0.9591836734693877,98,0.6428571428571429,0.7142857142857143,0.5844155844155844,77,0.6486486486486487,0.676056338028169,0.6233766233766234,77,,,,,,,,,final_lyrics_only_seed42,42,validation,final_seed,False,36.60276699066162,0.7290247251918582,0.2,0.07,0.4575708941376109,scalarization,False,False
0.713855421686747,,,,0.7031562909826481,lyrics_only,0.7031562909826481,0.64,0.6857142857142857,0.6,80,0.8865979381443299,0.8958333333333334,0.8775510204081632,98,0.6626506024096386,0.6179775280898876,0.7142857142857143,77,0.6233766233766234,0.6233766233766234,0.6233766233766234,77,,,,,,,,,final_lyrics_only_seed777,777,validation,final_seed,False,29.64917755126953,0.714188838324357,0.2,0.07,0.4575708941376109,scalarization,False,False
0.8162650602409639,0.2309221774339676,0.03983919322490692,0.2707613706588745,0.8059103287779759,multimodal_cagrad,0.8059103287779759,0.8295454545454546,0.7604166666666666,0.9125,80,0.91,0.8921568627450981,0.9285714285714286,98,0.725925925925926,0.8448275862068966,0.6363636363636364,77,0.7581699346405228,0.7631578947368421,0.7532467532467533,77,31.0,0.024096384644508362,0.22289156913757324,0.11445783078670502,31.0,0.027108434587717056,0.21686747670173645,0.1325301229953766,final_multimodal_cagrad_seed123,123,validation,final_seed,False,96.72049260139465,0.8127078844194365,0.2,0.07,0.4575708941376109,cagrad,False,False
0.8042168674698795,0.23592031002044678,0.033182449638843536,0.2691027522087097,0.7954180888963498,multimodal_cagrad,0.7954180888963498,0.7837837837837838,0.8529411764705882,0.725,80,0.9082125603864735,0.8623853211009175,0.9591836734693877,98,0.7567567567567568,0.7887323943661971,0.7272727272727273,77,0.7329192546583851,0.7023809523809523,0.7662337662337663,77,35.0,0.01807228848338127,0.21385541558265686,0.10843373835086823,35.0,0.03313253074884415,0.1867469847202301,0.10240963846445084,final_multimodal_cagrad_seed2026,2026,validation,final_seed,False,104.35710310935974,0.8024475496974188,0.2,0.07,0.4575708941376109,cagrad,False,False
0.8102409638554217,0.1853073686361313,0.042802974581718445,0.22811034321784973,0.7988030285709666,multimodal_cagrad,0.7988030285709666,0.7975460122699386,0.7831325301204819,0.8125,80,0.927536231884058,0.8807339449541285,0.9795918367346939,98,0.7428571428571429,0.8253968253968254,0.6753246753246753,77,0.7272727272727273,0.7272727272727273,0.7272727272727273,77,42.0,0.027108434587717056,0.16566264629364014,0.11445783078670502,46.0,0.027108434587717056,0.16265060007572174,0.09036144614219666,final_multimodal_cagrad_seed3407,3407,validation,final_seed,False,76.68765568733215,0.8069344328500987,0.2,0.07,0.4575708941376109,cagrad,False,False
0.8012048192771084,0.2129058539867401,0.0296810083091259,0.2425868660211563,0.7897522379842372,multimodal_cagrad,0.7897522379842372,0.7928994082840237,0.7528089887640449,0.8375,80,0.8962264150943396,0.8333333333333334,0.9693877551020408,98,0.723404255319149,0.796875,0.6623376623376623,77,0.7464788732394366,0.8153846153846154,0.6883116883116883,77,35.0,0.0301204826682806,0.1837349385023117,0.10542168468236923,34.0,0.024096384644508362,0.1867469847202301,0.11144578456878662,final_multimodal_cagrad_seed42,42,validation,final_seed,False,98.7881453037262,0.7965154886776453,0.2,0.07,0.4575708941376109,cagrad,False,False
0.7981927710843374,0.26906540989875793,0.021720530465245247,0.29078593850135803,0.7860497716505521,multimodal_cagrad,0.7860497716505521,0.8227848101265823,0.8333333333333334,0.8125,80,0.9134615384615384,0.8636363636363636,0.9693877551020408,98,0.6962962962962963,0.8103448275862069,0.6103896103896104,77,0.7116564417177914,0.6744186046511628,0.7532467532467533,77,33.0,0.04518072307109833,0.22590361535549164,0.1295180767774582,32.0,0.03614457696676254,0.20481927692890167,0.1265060305595398,final_multimodal_cagrad_seed777,777,validation,final_seed,False,113.35076904296875,0.7944408927904884,0.2,0.07,0.4575708941376109,cagrad,False,False
0.8132530120481928,0.14814616739749908,0.028622975572943687,0.17676913738250732,0.8050018065403404,multimodal_fixed,0.8050018065403404,0.8342857142857143,0.7684210526315789,0.9125,80,0.9072164948453608,0.9166666666666666,0.8979591836734694,98,0.7464788732394366,0.8153846153846154,0.6883116883116883,77,0.7320261437908496,0.7368421052631579,0.7272727272727273,77,44.0,0.024096384644508362,0.1807228922843933,0.08734939992427826,41.0,0.01807228848338127,0.16867469251155853,0.08132530003786087,final_multimodal_fixed_seed123,123,validation,final_seed,False,55.30844688415527,0.8117318070754052,0.2,0.07,0.4575708941376109,scalarization,False,False
0.8102409638554217,0.15386119484901428,0.017606744542717934,0.17146794497966766,0.7959909921354087,multimodal_fixed,0.7959909921354087,0.8235294117647058,0.7777777777777778,0.875,80,0.927536231884058,0.8807339449541285,0.9795918367346939,98,0.7417218543046358,0.7567567567567568,0.7272727272727273,77,0.6911764705882353,0.7966101694915254,0.6103896103896104,77,44.0,0.0150602413341403,0.14156626164913177,0.06927710771560669,47.0,0.01807228848338127,0.15662650763988495,0.08734939992427826,final_multimodal_fixed_seed2026,2026,validation,final_seed,False,53.26260852813721,0.804560465911341,0.2,0.07,0.4575708941376109,scalarization,False,False
0.8102409638554217,0.20029953122138977,0.010448474436998367,0.21074800193309784,0.801205955936136,multimodal_fixed,0.801205955936136,0.8227848101265823,0.8333333333333334,0.8125,80,0.8995215311004785,0.8468468468468469,0.9591836734693877,98,0.7552447552447552,0.8181818181818182,0.7012987012987013,77,0.7272727272727273,0.7272727272727273,0.7272727272727273,77,42.0,0.01807228848338127,0.1265060305595398,0.08433734625577927,42.0,0.0150602413341403,0.14759035408496857,0.07530120760202408,final_multimodal_fixed_seed3407,3407,validation,final_seed,False,71.99856615066528,0.8076197018428303,0.2,0.07,0.4575708941376109,scalarization,False,False
0.8132530120481928,0.19923433661460876,0.01598151959478855,0.21521586179733276,0.8044414324076277,multimodal_fixed,0.8044414324076277,0.8387096774193549,0.8666666666666667,0.8125,80,0.9038461538461539,0.8545454545454545,0.9591836734693877,98,0.7397260273972602,0.782608695652174,0.7012987012987013,77,0.7354838709677419,0.7307692307692307,0.7402597402597403,77,39.0,0.027108434587717056,0.1897590309381485,0.09036144614219666,45.0,0.01807228848338127,0.1807228922843933,0.11144578456878662,final_multimodal_fixed_seed42,42,validation,final_seed,False,65.2575569152832,0.8110387332667971,0.2,0.07,0.4575708941376109,scalarization,False,False
0.8042168674698795,0.1777963787317276,0.04824333265423775,0.22603970766067505,0.7955099837554884,multimodal_fixed,0.7955099837554884,0.8095238095238095,0.7727272727272727,0.85,80,0.9230769230769231,0.9278350515463918,0.9183673469387755,98,0.7299270072992701,0.8333333333333334,0.6493506493506493,77,0.7195121951219512,0.6781609195402298,0.7662337662337663,77,40.0,0.024096384644508362,0.14457830786705017,0.07831325381994247,41.0,0.021084336563944817,0.15662650763988495,0.09638553857803345,final_multimodal_fixed_seed777,777,validation,final_seed,False,59.36613988876343,0.803705607861076,0.2,0.07,0.4575708941376109,scalarization,False,False
0.8162650602409639,0.023359449580311775,0.0019293847726657987,0.025288835167884827,0.8073252127844364,multimodal_noalign,0.8073252127844364,0.825,0.825,0.825,80,0.9207920792079208,0.8942307692307693,0.9489795918367347,98,0.7466666666666667,0.7671232876712328,0.7272727272727273,77,0.7368421052631579,0.7466666666666667,0.7272727272727273,77,108.0,0.009036144241690636,0.05722891539335251,0.0301204826682806,120.0,0.0060240961611270905,0.06927710771560669,0.03614457696676254,final_multimodal_noalign_seed123,123,validation,final_seed,False,53.202492475509644,0.8146620457860625,0.2,0.07,0.4575708941376109,scalarization,False,False
0.8192771084337349,0.0308119785040617,-0.008732575923204422,0.022079402580857277,0.8083565773137531,multimodal_noalign,0.8083565773137531,0.8383233532934131,0.8045977011494253,0.875,80,0.9261083743842364,0.8952380952380953,0.9591836734693877,98,0.7417218543046358,0.7567567567567568,0.7272727272727273,77,0.7272727272727273,0.7878787878787878,0.6753246753246753,77,100.0,0.0,0.048192769289016724,0.024096384644508362,110.0,0.009036144241690636,0.0632530152797699,0.03915662690997124,final_multimodal_noalign_seed2026,2026,validation,final_seed,False,51.39073371887207,0.8160755172728469,0.2,0.07,0.4575708941376109,scalarization,False,False
0.8102409638554217,0.020194271579384804,-0.001674357452429831,0.018519913777709007,0.7999440631290016,multimodal_noalign,0.7999440631290016,0.8072289156626506,0.7790697674418605,0.8375,80,0.9170731707317074,0.8785046728971962,0.9591836734693877,98,0.7482014388489209,0.8387096774193549,0.6753246753246753,77,0.7272727272727273,0.7272727272727273,0.7272727272727273,77,116.0,0.0,0.04216867312788963,0.0150602413341403,125.0,0.009036144241690636,0.05421686917543411,0.03614457696676254,final_multimodal_noalign_seed3407,3407,validation,final_seed,False,63.9766104221344,0.8074186589641152,0.2,0.07,0.4575708941376109,scalarization,False,False
0.7951807228915663,0.07127796113491058,-0.039971426129341125,0.03130653500556946,0.7841596730737003,multimodal_noalign,0.7841596730737003,0.8333333333333334,0.8552631578947368,0.8125,80,0.9117647058823529,0.8773584905660378,0.9489795918367347,98,0.6814814814814815,0.7931034482758621,0.5974025974025974,77,0.7100591715976331,0.6521739130434783,0.7792207792207793,77,82.0,0.012048192322254181,0.07228915393352509,0.03313253074884415,87.0,0.009036144241690636,0.06927710771560669,0.03614457696676254,final_multimodal_noalign_seed42,42,validation,final_seed,False,55.937153339385986,0.7926754160549068,0.2,0.07,0.4575708941376109,scalarization,False,False
0.7921686746987951,0.05032975971698761,0.011761917732656002,0.062091678380966187,0.7816447498841151,multimodal_noalign,0.7816447498841151,0.8152866242038217,0.8311688311688312,0.8,80,0.9154228855721394,0.8932038834951457,0.9387755102040817,98,0.6865671641791045,0.8070175438596491,0.5974025974025974,77,0.7093023255813954,0.6421052631578947,0.7922077922077922,77,95.0,0.0060240961611270905,0.08132530003786087,0.03614457696676254,91.0,0.0060240961611270905,0.05722891539335251,0.01807228848338127,final_multimodal_noalign_seed777,777,validation,final_seed,False,61.463053941726685,0.7904106127528128,0.2,0.07,0.4575708941376109,scalarization,False,False
0.8132530120481928,0.1454906463623047,0.03004573844373226,0.1755363792181015,0.8042200854700855,multimodal_pcgrad,0.8042200854700855,0.8214285714285714,0.7840909090909091,0.8625,80,0.9285714285714286,0.9285714285714286,0.9285714285714286,98,0.7361111111111112,0.7910447761194029,0.6883116883116883,77,0.7307692307692307,0.7215189873417721,0.7402597402597403,77,40.0,0.0301204826682806,0.17168675363063812,0.10240963846445084,40.0,0.0150602413341403,0.15662650763988495,0.08734939992427826,final_multimodal_pcgrad_seed123,123,validation,final_seed,False,77.06803512573242,0.8122411808405784,0.2,0.07,0.4575708941376109,pcgrad,False,False
0.8012048192771084,0.16202716529369354,0.0304507315158844,0.19247789680957794,0.7890871158625371,multimodal_pcgrad,0.7890871158625371,0.8352941176470589,0.7888888888888889,0.8875,80,0.914572864321608,0.900990099009901,0.9285714285714286,98,0.725,0.6987951807228916,0.7532467532467533,77,0.6814814814814815,0.7931034482758621,0.5974025974025974,77,40.0,0.009036144241690636,0.16265060007572174,0.08132530003786087,41.0,0.0301204826682806,0.15361446142196655,0.09638553857803345,final_multimodal_pcgrad_seed2026,2026,validation,final_seed,False,82.95408391952515,0.7974420005703504,0.2,0.07,0.4575708941376109,pcgrad,False,False
0.8132530120481928,0.1919952929019928,0.016311852261424065,0.208307147026062,0.8018767413956114,multimodal_pcgrad,0.8018767413956114,0.8121212121212121,0.788235294117647,0.8375,80,0.909952606635071,0.8495575221238938,0.9795918367346939,98,0.7671232876712328,0.8115942028985508,0.7272727272727273,77,0.7183098591549296,0.7846153846153846,0.6623376623376623,77,40.0,0.01807228848338127,0.16867469251155853,0.08132530003786087,41.0,0.024096384644508362,0.15060241520404816,0.08734939992427826,final_multimodal_pcgrad_seed3407,3407,validation,final_seed,False,93.30654263496399,0.8088054359203267,0.2,0.07,0.4575708941376109,pcgrad,False,False
0.8012048192771084,0.2463870346546173,0.0023449633736163378,0.24873200058937073,0.792522700525834,multimodal_pcgrad,0.792522700525834,0.7904191616766467,0.7586206896551724,0.825,80,0.9054726368159204,0.883495145631068,0.9285714285714286,98,0.7552447552447552,0.8181818181818182,0.7012987012987013,77,0.7189542483660131,0.7236842105263158,0.7142857142857143,77,33.0,0.0301204826682806,0.20783132314682007,0.11144578456878662,36.0,0.03313253074884415,0.21084336936473846,0.1204819306731224,final_multimodal_pcgrad_seed42,42,validation,final_seed,False,114.73199272155762,0.799648116325666,0.2,0.07,0.4575708941376109,pcgrad,False,False
0.8012048192771084,0.1449560672044754,0.03985275700688362,0.18480882048606873,0.7952932121079394,multimodal_pcgrad,0.7952932121079394,0.7885714285714286,0.7263157894736842,0.8625,80,0.8900523560209425,0.9139784946236559,0.8673469387755102,98,0.7612903225806451,0.7564102564102564,0.7662337662337663,77,0.7412587412587412,0.803030303030303,0.6883116883116883,77,49.0,0.0060240961611270905,0.15662650763988495,0.07228915393352509,51.0,0.01807228848338127,0.14156626164913177,0.08433734625577927,final_multimodal_pcgrad_seed777,777,validation,final_seed,False,73.21600484848022,0.801226274371685,0.2,0.07,0.4575708941376109,pcgrad,False,False
0.8132530120481928,0.10120361298322678,-0.0026867659762501717,0.09851684421300888,0.7974509753621689,lambda_0.01,0.7974509753621689,0.8705882352941177,0.8222222222222222,0.925,80,0.9246231155778895,0.9108910891089109,0.9387755102040817,98,0.6504065040650406,0.8695652173913043,0.5194805194805194,77,0.7441860465116279,0.6736842105263158,0.8311688311688312,77,60.0,0.0060240961611270905,0.11746987700462341,0.05421686917543411,66.0,0.0060240961611270905,0.09939759224653244,0.0662650614976883,lambda_0.01_seed42,42,validation,lambda_sweep,False,65.53524351119995,0.806155875134235,0.01,0.07,0.4575708941376109,scalarization,False,False
0.7921686746987951,0.1268879622220993,0.0030507443007081747,0.12993870675563812,0.7841967355027128,lambda_0.05,0.7841967355027128,0.762589928057554,0.8983050847457628,0.6625,80,0.9108910891089109,0.8846153846153846,0.9387755102040817,98,0.7532467532467533,0.7532467532467533,0.7532467532467533,77,0.7100591715976331,0.6521739130434783,0.7792207792207793,77,50.0,0.012048192322254181,0.1234939768910408,0.07831325381994247,57.0,0.012048192322254181,0.11746987700462341,0.0662650614976883,lambda_0.05_seed42,42,validation,lambda_sweep,False,63.15404725074768,0.7920152927418534,0.05,0.07,0.4575708941376109,scalarization,False,False
0.7951807228915663,0.07127796113491058,-0.039971426129341125,0.03130653500556946,0.7841596730737003,lambda_0.0,0.7841596730737003,0.8333333333333334,0.8552631578947368,0.8125,80,0.9117647058823529,0.8773584905660378,0.9489795918367347,98,0.6814814814814815,0.7931034482758621,0.5974025974025974,77,0.7100591715976331,0.6521739130434783,0.7792207792207793,77,82.0,0.012048192322254181,0.07228915393352509,0.03313253074884415,87.0,0.009036144241690636,0.06927710771560669,0.03614457696676254,lambda_0.0_seed42,42,validation,lambda_sweep,False,58.33457398414612,0.7926754160549068,0.0,0.07,0.4575708941376109,scalarization,False,False
0.8072289156626506,0.20640745759010315,0.004312567878514528,0.210720032453537,0.7980208713642449,lambda_0.10,0.7980208713642449,0.85,0.85,0.85,80,0.9191919191919192,0.91,0.9285714285714286,98,0.7,0.7777777777777778,0.6363636363636364,77,0.7228915662650602,0.6741573033707865,0.7792207792207793,77,40.0,0.027108434587717056,0.17168675363063812,0.08433734625577927,46.0,0.03313253074884415,0.16566264629364014,0.09638553857803345,lambda_0.10_seed42,42,validation,lambda_sweep,False,80.11545515060425,0.8061549960337883,0.1,0.07,0.4575708941376109,scalarization,False,False
0.8132530120481928,0.19923433661460876,0.01598151959478855,0.21521586179733276,0.8044414324076277,lambda_0.20,0.8044414324076277,0.8387096774193549,0.8666666666666667,0.8125,80,0.9038461538461539,0.8545454545454545,0.9591836734693877,98,0.7397260273972602,0.782608695652174,0.7012987012987013,77,0.7354838709677419,0.7307692307692307,0.7402597402597403,77,39.0,0.027108434587717056,0.1897590309381485,0.09036144614219666,45.0,0.01807228848338127,0.1807228922843933,0.11144578456878662,lambda_0.20_seed42,42,validation,lambda_sweep,False,66.9103479385376,0.8110387332667971,0.2,0.07,0.4575708941376109,scalarization,False,False
0.8042168674698795,0.16572141647338867,0.04247727245092392,0.208198681473732,0.7926333753971995,lambda_0.50,0.7926333753971995,0.7973856209150327,0.8356164383561644,0.7625,80,0.9150943396226415,0.8508771929824561,0.9897959183673469,98,0.7320261437908496,0.7368421052631579,0.7272727272727273,77,0.726027397260274,0.7681159420289855,0.6883116883116883,77,46.0,0.027108434587717056,0.16566264629364014,0.09939759224653244,47.0,0.0150602413341403,0.14759035408496857,0.08132530003786087,lambda_0.50_seed42,42,validation,lambda_sweep,False,50.586724281311035,0.8004223422203555,0.5,0.07,0.4575708941376109,scalarization,False,False
0.8012048192771084,0.194696843624115,0.057152725756168365,0.25184956192970276,0.7890385600063019,lambda_1.0,0.7890385600063019,0.7777777777777778,0.7682926829268293,0.7875,80,0.8940092165898618,0.8151260504201681,0.9897959183673469,98,0.7612903225806451,0.7564102564102564,0.7662337662337663,77,0.7230769230769231,0.8867924528301887,0.6103896103896104,77,38.0,0.021084336563944817,0.1927710771560669,0.10240963846445084,37.0,0.024096384644508362,0.1897590309381485,0.10843373835086823,lambda_1.0_seed42,42,validation,lambda_sweep,False,52.603190660476685,0.7955765161556068,1.0,0.07,0.4575708941376109,scalarization,False,False
0.7951807228915663,0.2503741681575775,-0.002388930879533291,0.24798524379730225,0.78356119108842,cspa_affect,0.78356119108842,0.7866666666666666,0.8428571428571429,0.7375,80,0.909952606635071,0.8495575221238938,0.9795918367346939,98,0.7034482758620689,0.75,0.6623376623376623,77,0.7341772151898734,0.7160493827160493,0.7532467532467533,77,41.0,0.024096384644508362,0.1867469847202301,0.09638553857803345,45.0,0.027108434587717056,0.17469879984855652,0.09337349236011505,optimizer_cspa_affect_seed42,42,validation,optimizer_comparison,False,120.7947633266449,0.7915838903450899,0.2,0.07,0.4575708941376109,scalarization,True,True
0.8012048192771084,0.2129058539867401,0.0296810083091259,0.2425868660211563,0.7897522379842372,multimodal_cagrad,0.7897522379842372,0.7928994082840237,0.7528089887640449,0.8375,80,0.8962264150943396,0.8333333333333334,0.9693877551020408,98,0.723404255319149,0.796875,0.6623376623376623,77,0.7464788732394366,0.8153846153846154,0.6883116883116883,77,35.0,0.0301204826682806,0.1837349385023117,0.10542168468236923,34.0,0.024096384644508362,0.1867469847202301,0.11144578456878662,optimizer_multimodal_cagrad_seed42,42,validation,optimizer_comparison,False,97.56166386604309,0.7965154886776453,0.2,0.07,0.4575708941376109,cagrad,False,False
0.8132530120481928,0.19923433661460876,0.01598151959478855,0.21521586179733276,0.8044414324076277,multimodal_fixed,0.8044414324076277,0.8387096774193549,0.8666666666666667,0.8125,80,0.9038461538461539,0.8545454545454545,0.9591836734693877,98,0.7397260273972602,0.782608695652174,0.7012987012987013,77,0.7354838709677419,0.7307692307692307,0.7402597402597403,77,39.0,0.027108434587717056,0.1897590309381485,0.09036144614219666,45.0,0.01807228848338127,0.1807228922843933,0.11144578456878662,optimizer_multimodal_fixed_seed42,42,validation,optimizer_comparison,False,67.65709352493286,0.8110387332667971,0.2,0.07,0.4575708941376109,scalarization,False,False
0.8012048192771084,0.2463870346546173,0.0023449633736163378,0.24873200058937073,0.792522700525834,multimodal_pcgrad,0.792522700525834,0.7904191616766467,0.7586206896551724,0.825,80,0.9054726368159204,0.883495145631068,0.9285714285714286,98,0.7552447552447552,0.8181818181818182,0.7012987012987013,77,0.7189542483660131,0.7236842105263158,0.7142857142857143,77,33.0,0.0301204826682806,0.20783132314682007,0.11144578456878662,36.0,0.03313253074884415,0.21084336936473846,0.1204819306731224,optimizer_multimodal_pcgrad_seed42,42,validation,optimizer_comparison,False,118.74257493019104,0.799648116325666,0.2,0.07,0.4575708941376109,pcgrad,False,False
0.7319277108433735,0.08161157369613647,-0.04134895280003548,0.040262624621391296,0.7189144545711107,multimodal_noalign,0.7189144545711107,0.7407407407407407,0.7317073170731707,0.75,80,0.9175257731958762,0.9270833333333334,0.9081632653061225,98,0.5714285714285714,0.6,0.5454545454545454,77,0.6459627329192547,0.6190476190476191,0.6753246753246753,77,81.0,0.0060240961611270905,0.0632530152797699,0.0301204826682806,80.0,0.0060240961611270905,0.08734939992427826,0.027108434587717056,smoke_multimodal_noalign_seed42,42,validation,smoke,False,26.679744720458984,0.731674444178427,0.1,0.07,0.5,scalarization,False,False
