epoch,train_loss,lr,val_accuracy,val_macro_f1,val_weighted_f1,val_q1_precision,val_q1_recall,val_q1_f1,val_q1_support,val_q2_precision,val_q2_recall,val_q2_f1,val_q2_support,val_q3_precision,val_q3_recall,val_q3_f1,val_q3_support,val_q4_precision,val_q4_recall,val_q4_f1,val_q4_support,val_alignment_positive_cosine,val_alignment_negative_cosine,val_alignment_gap,val_retrieval_a2l_r1,val_retrieval_a2l_r5,val_retrieval_a2l_r10,val_retrieval_a2l_median_rank,val_retrieval_l2a_r1,val_retrieval_l2a_r5,val_retrieval_l2a_r10,val_retrieval_l2a_median_rank
0,4.098498723944839,2.668727001327467e-05,0.19879518072289157,0.1584294466478942,0.16101311000699192,0.24260355029585798,0.5125,0.3293172690763052,80,0.18823529411764706,0.16326530612244897,0.17486338797814208,98,0.1038961038961039,0.1038961038961039,0.1038961038961039,77,1.0,0.012987012987012988,0.02564102564102564,77,-0.03723303973674774,-0.03775707632303238,0.0005240365862846375,0.0,0.01807228848338127,0.0301204826682806,153.0,0.0030120480805635452,0.009036144241690636,0.0301204826682806,169.0
1,2.9800357818603516,5.284079462628384e-05,0.1716867469879518,0.15017848981241505,0.15576125993656997,0.1717171717171717,0.2125,0.18994413407821228,80,0.20149253731343283,0.2755102040816326,0.23275862068965517,98,0.12087912087912088,0.14285714285714285,0.13095238095238096,77,0.25,0.025974025974025976,0.047058823529411764,77,-0.033685728907585144,-0.034209687262773514,0.0005239583551883698,0.0,0.01807228848338127,0.0301204826682806,154.0,0.0030120480805635452,0.009036144241690636,0.0301204826682806,169.0
2,2.07418514514456,7.899431923929302e-05,0.24096385542168675,0.22128113585529283,0.22814421634546925,0.19672131147540983,0.15,0.1702127659574468,80,0.26627218934911245,0.45918367346938777,0.33707865168539325,98,0.13043478260869565,0.11688311688311688,0.1232876712328767,77,0.42424242424242425,0.18181818181818182,0.2545454545454545,77,-0.030811531469225883,-0.03131905943155289,0.0005075279623270035,0.0,0.021084336563944817,0.0301204826682806,159.0,0.0030120480805635452,0.009036144241690636,0.0301204826682806,164.0
3,2.0455185612853692,0.00010514784385230219,0.3192771084337349,0.2700145689866931,0.2796268549409184,0.22857142857142856,0.1,0.1391304347826087,80,0.3299492385786802,0.6632653061224489,0.4406779661016949,98,0.20512820512820512,0.1038961038961039,0.13793103448275862,77,0.4098360655737705,0.3246753246753247,0.36231884057971014,77,-0.02909150719642639,-0.02958231419324875,0.0004908069968223572,0.0,0.0150602413341403,0.0301204826682806,159.0,0.0030120480805635452,0.009036144241690636,0.0301204826682806,165.0
4,2.001550092989085,0.00013076762306504588,0.37349397590361444,0.2828756729552075,0.2972758440616314,0.2777777777777778,0.125,0.1724137931034483,80,0.37777777777777777,0.8673469387755102,0.5263157894736842,98,0.25,0.025974025974025976,0.047058823529411764,77,0.42857142857142855,0.35064935064935066,0.38571428571428573,77,-0.02770412154495716,-0.028177790343761444,0.00047366879880428314,0.0,0.0150602413341403,0.0301204826682806,158.0,0.0030120480805635452,0.012048192322254181,0.0301204826682806,161.0
5,1.9706367692168878,0.0001306083513863315,0.4367469879518072,0.3605301849246486,0.3737091031146144,0.43243243243243246,0.2,0.27350427350427353,80,0.4397905759162304,0.8571428571428571,0.5813148788927336,98,0.38461538461538464,0.06493506493506493,0.1111111111111111,77,0.43956043956043955,0.5194805194805194,0.47619047619047616,77,-0.02886396460235119,-0.02932152710855007,0.00045756250619888306,0.0030120480805635452,0.01807228848338127,0.027108434587717056,159.0,0.0030120480805635452,0.012048192322254181,0.0301204826682806,163.0
6,1.9292302253294964,0.00013013131230579724,0.4397590361445783,0.3503477804703804,0.3641284952850794,0.5263157894736842,0.125,0.20202020202020202,80,0.4362745098039216,0.9081632653061225,0.5894039735099338,98,0.4,0.07792207792207792,0.13043478260869565,77,0.43617021276595747,0.5324675324675324,0.47953216374269003,77,-0.030649974942207336,-0.03110474720597267,0.0004547722637653351,0.0030120480805635452,0.01807228848338127,0.024096384644508362,159.0,0.0030120480805635452,0.012048192322254181,0.027108434587717056,163.0
7,1.9027725239189304,0.0001293388299098916,0.4819277108433735,0.4123522525584381,0.42497712613226213,0.5,0.2,0.2857142857142857,80,0.49142857142857144,0.8775510204081632,0.63003663003663,98,0.5,0.12987012987012986,0.20618556701030927,77,0.45714285714285713,0.6233766233766234,0.5274725274725275,77,-0.03367701917886734,-0.034123361110687256,0.00044634193181991577,0.0030120480805635452,0.01807228848338127,0.024096384644508362,160.0,0.0030120480805635452,0.012048192322254181,0.027108434587717056,164.0
8,1.8646545434484676,0.00012823476509318736,0.49096385542168675,0.43402495236510824,0.4462822308135433,0.5128205128205128,0.25,0.33613445378151263,80,0.5058823529411764,0.8775510204081632,0.6417910447761194,98,0.5,0.16883116883116883,0.2524271844660194,77,0.4536082474226804,0.5714285714285714,0.5057471264367817,77,-0.03700730577111244,-0.03745129331946373,0.00044398754835128784,0.0030120480805635452,0.01807228848338127,0.0301204826682806,162.0,0.0030120480805635452,0.009036144241690636,0.027108434587717056,160.0
9,1.830204963684082,0.00012682449674849132,0.5,0.4506800002963478,0.4626187460373019,0.5428571428571428,0.2375,0.33043478260869563,80,0.5209580838323353,0.8877551020408163,0.6566037735849056,98,0.48717948717948717,0.24675324675324675,0.3275862068965517,77,0.45054945054945056,0.5324675324675324,0.4880952380952381,77,-0.04182959347963333,-0.04227638617157936,0.00044679269194602966,0.0,0.01807228848338127,0.0301204826682806,160.0,0.0030120480805635452,0.009036144241690636,0.027108434587717056,161.0
10,1.802550079871197,0.00012511489556141917,0.5060240963855421,0.45673045860643324,0.4685870037348293,0.5384615384615384,0.2625,0.35294117647058826,80,0.5276073619631901,0.8775510204081632,0.6590038314176245,98,0.5,0.22077922077922077,0.3063063063063063,77,0.4583333333333333,0.5714285714285714,0.5086705202312138,77,-0.046520888805389404,-0.04696835204958916,0.0004474632441997528,0.0,0.0150602413341403,0.0301204826682806,161.0,0.0030120480805635452,0.009036144241690636,0.024096384644508362,159.0
11,1.7652609591581383,0.0001231142905371058,0.5060240963855421,0.4662336597389529,0.4779133461418967,0.5348837209302325,0.2875,0.37398373983739835,80,0.5379746835443038,0.8673469387755102,0.6640625,98,0.46808510638297873,0.2857142857142857,0.3548387096774194,77,0.4523809523809524,0.4935064935064935,0.4720496894409938,77,-0.050921738147735596,-0.05137594789266586,0.00045420974493026733,0.0,0.0150602413341403,0.03614457696676254,162.0,0.0030120480805635452,0.009036144241690636,0.024096384644508362,155.0
12,1.7289821785323474,0.00012083242842212957,0.5331325301204819,0.5003042596348884,0.5128393900144187,0.49230769230769234,0.4,0.4413793103448276,80,0.6119402985074627,0.8367346938775511,0.7068965517241379,98,0.5,0.2727272727272727,0.35294117647058826,77,0.46153846153846156,0.5454545454545454,0.5,77,-0.055310457944869995,-0.055761463940143585,0.0004510059952735901,0.0030120480805635452,0.0150602413341403,0.03915662690997124,165.0,0.0030120480805635452,0.012048192322254181,0.024096384644508362,156.0
13,1.6989907220918306,0.00011828042621934267,0.5331325301204819,0.49710753543382014,0.5094816656267993,0.4838709677419355,0.375,0.4225352112676056,80,0.6014492753623188,0.8469387755102041,0.7033898305084746,98,0.5405405405405406,0.2597402597402597,0.3508771929824561,77,0.4631578947368421,0.5714285714285714,0.5116279069767442,77,-0.05834784731268883,-0.05880625918507576,0.0004584118723869324,0.0,0.0150602413341403,0.03614457696676254,166.0,0.0030120480805635452,0.012048192322254181,0.024096384644508362,158.0
14,1.6641698905399867,0.00011547071702695068,0.5451807228915663,0.5106428593389025,0.5223036121612442,0.4915254237288136,0.3625,0.4172661870503597,80,0.5985915492957746,0.8673469387755102,0.7083333333333334,98,0.575,0.2987012987012987,0.39316239316239315,77,0.4835164835164835,0.5714285714285714,0.5238095238095238,77,-0.06135745346546173,-0.061821598559617996,0.00046414509415626526,0.0,0.01807228848338127,0.03915662690997124,167.0,0.0030120480805635452,0.012048192322254181,0.0301204826682806,158.0
15,1.6436684666847696,0.00011241698946570798,0.5813253012048193,0.5611007969995312,0.5719686396782631,0.5128205128205128,0.5,0.5063291139240507,80,0.6779661016949152,0.8163265306122449,0.7407407407407407,98,0.6041666666666666,0.37662337662337664,0.464,77,0.5,0.5714285714285714,0.5333333333333333,77,-0.0641096904873848,-0.06457127630710602,0.0004615858197212219,0.0,0.021084336563944817,0.03915662690997124,165.0,0.0030120480805635452,0.0150602413341403,0.027108434587717056,160.0
16,1.6186934052681436,0.00010913412098933331,0.5813253012048193,0.5613107181206582,0.5731384109840189,0.5443037974683544,0.5375,0.5408805031446541,80,0.719626168224299,0.7857142857142857,0.751219512195122,98,0.5416666666666666,0.33766233766233766,0.416,77,0.47959183673469385,0.6103896103896104,0.5371428571428571,77,-0.06504694372415543,-0.06549369543790817,0.0004467517137527466,0.0,0.021084336563944817,0.03915662690997124,166.0,0.0030120480805635452,0.0150602413341403,0.027108434587717056,161.0
17,1.597217280037549,0.0001056381054030508,0.5632530120481928,0.5430744351854851,0.5556847624579796,0.527027027027027,0.4875,0.5064935064935064,80,0.6896551724137931,0.8163265306122449,0.7476635514018691,98,0.48484848484848486,0.4155844155844156,0.44755244755244755,77,0.47368421052631576,0.4675324675324675,0.47058823529411764,77,-0.0655856654047966,-0.06604120135307312,0.0004555359482765198,0.0,0.024096384644508362,0.03614457696676254,168.0,0.0030120480805635452,0.012048192322254181,0.027108434587717056,161.0
18,1.5695245217303841,0.00010194597494337854,0.5602409638554217,0.5391958392995276,0.5517791305447931,0.5064935064935064,0.4875,0.4968152866242038,80,0.6837606837606838,0.8163265306122449,0.7441860465116279,98,0.5172413793103449,0.38961038961038963,0.4444444444444444,77,0.4625,0.4805194805194805,0.4713375796178344,77,-0.0655357763171196,-0.06598960608243942,0.0004538297653198242,0.0,0.024096384644508362,0.03614457696676254,168.0,0.0030120480805635452,0.012048192322254181,0.027108434587717056,163.0
19,1.5452232652780962,9.80757172987844e-05,0.5843373493975904,0.5673759567352114,0.5805194660257771,0.5444444444444444,0.6125,0.5764705882352941,80,0.7623762376237624,0.7857142857142857,0.7738693467336684,98,0.5084745762711864,0.38961038961038963,0.4411764705882353,77,0.4634146341463415,0.4935064935064935,0.4779874213836478,77,-0.06541971862316132,-0.065862737596035,0.00044301897287368774,0.0,0.021084336563944817,0.03313253074884415,168.0,0.0030120480805635452,0.012048192322254181,0.027108434587717056,164.0
20,1.5475440244285428,9.404618797547592e-05,0.5753012048192772,0.5586501500847639,0.5725048194834035,0.5714285714285714,0.6,0.5853658536585366,80,0.7623762376237624,0.7857142857142857,0.7738693467336684,98,0.46153846153846156,0.38961038961038963,0.4225352112676056,77,0.43902439024390244,0.4675324675324675,0.4528301886792453,77,-0.06443317234516144,-0.06486649811267853,0.00043332576751708984,0.0,0.021084336563944817,0.03313253074884415,167.0,0.0030120480805635452,0.012048192322254181,0.027108434587717056,164.0
21,1.5234688617745225,8.987701843526939e-05,0.5873493975903614,0.570964695867065,0.5841895744045348,0.5632183908045977,0.6125,0.5868263473053892,80,0.77,0.7857142857142857,0.7777777777777778,98,0.4918032786885246,0.38961038961038963,0.43478260869565216,77,0.4642857142857143,0.5064935064935064,0.484472049689441,77,-0.06484361737966537,-0.06527546793222427,0.0004318505525588989,0.0,0.021084336563944817,0.03313253074884415,167.0,0.0030120480805635452,0.012048192322254181,0.027108434587717056,165.0
22,1.513571330479213,8.558852045308121e-05,0.5843373493975904,0.568416671238876,0.582264999132494,0.550561797752809,0.6125,0.5798816568047337,80,0.7857142857142857,0.7857142857142857,0.7857142857142857,98,0.484375,0.4025974025974026,0.4397163120567376,77,0.4567901234567901,0.4805194805194805,0.46835443037974683,77,-0.06467718631029129,-0.06511276215314865,0.00043557584285736084,0.0030120480805635452,0.021084336563944817,0.03313253074884415,167.0,0.0030120480805635452,0.012048192322254181,0.027108434587717056,166.0
23,1.5020134594975685,8.12015871600023e-05,0.5933734939759037,0.5778072484787338,0.590755651163471,0.5568181818181818,0.6125,0.5833333333333334,80,0.7777777777777778,0.7857142857142857,0.7817258883248731,98,0.5081967213114754,0.4025974025974026,0.4492753623188406,77,0.47619047619047616,0.5194805194805194,0.4968944099378882,77,-0.06401687860488892,-0.06443735212087631,0.00042047351598739624,0.0,0.021084336563944817,0.03313253074884415,164.0,0.0030120480805635452,0.012048192322254181,0.027108434587717056,167.0
24,1.4869313191394418,7.673759125406358e-05,0.5903614457831325,0.5751779605193259,0.5885233481897245,0.5581395348837209,0.6,0.5783132530120482,80,0.7857142857142857,0.7857142857142857,0.7857142857142857,98,0.49206349206349204,0.4025974025974026,0.44285714285714284,77,0.47058823529411764,0.5194805194805194,0.49382716049382713,77,-0.06399492174386978,-0.06440697610378265,0.0004120543599128723,0.0,0.0150602413341403,0.03313253074884415,165.0,0.0030120480805635452,0.012048192322254181,0.0301204826682806,168.0
25,1.4791375958189672,7.221828087459945e-05,0.5843373493975904,0.5682824910236727,0.5819194303919083,0.5568181818181818,0.6125,0.5833333333333334,80,0.7777777777777778,0.7857142857142857,0.7817258883248731,98,0.484375,0.4025974025974026,0.4397163120567376,77,0.4567901234567901,0.4805194805194805,0.46835443037974683,77,-0.06335016340017319,-0.063756562769413,0.00040639936923980713,0.0,0.0150602413341403,0.0301204826682806,163.0,0.0030120480805635452,0.012048192322254181,0.0301204826682806,165.0
26,1.4717300473427286,6.766567364749918e-05,0.5933734939759037,0.5782874578520084,0.5917082903705843,0.5568181818181818,0.6125,0.5833333333333334,80,0.7938144329896907,0.7857142857142857,0.7897435897435897,98,0.5081967213114754,0.4025974025974026,0.4492753623188406,77,0.46511627906976744,0.5194805194805194,0.49079754601226994,77,-0.06326942890882492,-0.06366356462240219,0.0003941357135772705,0.0,0.0150602413341403,0.027108434587717056,164.0,0.0030120480805635452,0.012048192322254181,0.0301204826682806,167.0
27,1.4737341403961182,6.310194941754673e-05,0.5903614457831325,0.5754421424531709,0.5890686604222651,0.5568181818181818,0.6125,0.5833333333333334,80,0.7938144329896907,0.7857142857142857,0.7897435897435897,98,0.49230769230769234,0.4155844155844156,0.4507042253521127,77,0.4634146341463415,0.4935064935064935,0.4779874213836478,77,-0.06239665672183037,-0.0627860575914383,0.0003894008696079254,0.0030120480805635452,0.0150602413341403,0.027108434587717056,164.0,0.0030120480805635452,0.012048192322254181,0.0301204826682806,167.0
28,1.454007311743133,5.854934219044645e-05,0.5843373493975904,0.5689318980468292,0.5831341857124241,0.5268817204301075,0.6125,0.5664739884393064,80,0.8020833333333334,0.7857142857142857,0.7938144329896907,98,0.5,0.4155844155844156,0.45390070921985815,77,0.45569620253164556,0.4675324675324675,0.46153846153846156,77,-0.06204158812761307,-0.06242741271853447,0.000385824590921402,0.0,0.0150602413341403,0.0301204826682806,165.0,0.0030120480805635452,0.012048192322254181,0.0301204826682806,167.0
29,1.4450694760497735,5.403003181098231e-05,0.5873493975903614,0.5720203234464901,0.5858017266618928,0.5384615384615384,0.6125,0.5730994152046783,80,0.7938144329896907,0.7857142857142857,0.7897435897435897,98,0.5,0.4155844155844156,0.45390070921985815,77,0.4625,0.4805194805194805,0.4713375796178344,77,-0.061781078577041626,-0.06215909495949745,0.0003780163824558258,0.0,0.0150602413341403,0.027108434587717056,165.0,0.0030120480805635452,0.012048192322254181,0.0301204826682806,165.0
30,1.443177164817343,4.956603590504358e-05,0.5873493975903614,0.5720639957372078,0.5858727043264496,0.5444444444444444,0.6125,0.5764705882352941,80,0.7938144329896907,0.7857142857142857,0.7897435897435897,98,0.49230769230769234,0.4155844155844156,0.4507042253521127,77,0.4625,0.4805194805194805,0.4713375796178344,77,-0.06134209409356117,-0.06171919405460358,0.0003770999610424042,0.0,0.0150602413341403,0.027108434587717056,164.0,0.0030120480805635452,0.012048192322254181,0.027108434587717056,165.0
31,1.441734783503474,4.5179102611964684e-05,0.5843373493975904,0.5687461476577134,0.5830217313764254,0.5384615384615384,0.6125,0.5730994152046783,80,0.8020833333333334,0.7857142857142857,0.7938144329896907,98,0.484375,0.4025974025974026,0.4397163120567376,77,0.4567901234567901,0.4805194805194805,0.46835443037974683,77,-0.061299342662096024,-0.061678942292928696,0.0003795996308326721,0.0,0.0150602413341403,0.027108434587717056,164.0,0.0030120480805635452,0.012048192322254181,0.0301204826682806,165.0
32,1.430342005223644,4.089060462977649e-05,0.5843373493975904,0.5687461476577134,0.5830217313764254,0.5384615384615384,0.6125,0.5730994152046783,80,0.8020833333333334,0.7857142857142857,0.7938144329896907,98,0.484375,0.4025974025974026,0.4397163120567376,77,0.4567901234567901,0.4805194805194805,0.46835443037974683,77,-0.06051158159971237,-0.060887258499860764,0.0003756769001483917,0.0,0.0150602413341403,0.027108434587717056,164.0,0.0030120480805635452,0.012048192322254181,0.03313253074884415,164.0
33,1.7657368353434972,3.6721435089569946e-05,0.5843373493975904,0.5687461476577134,0.5830217313764254,0.5384615384615384,0.6125,0.5730994152046783,80,0.8020833333333334,0.7857142857142857,0.7938144329896907,98,0.484375,0.4025974025974026,0.4397163120567376,77,0.4567901234567901,0.4805194805194805,0.46835443037974683,77,-0.0586852952837944,-0.05906510725617409,0.00037981197237968445,0.0,0.0150602413341403,0.027108434587717056,164.0,0.0030120480805635452,0.012048192322254181,0.03313253074884415,163.0
